date,game_id,run,home,away,model_home,market_home
2026-10-05,2026020040,close,TBL,PHI,0.592,
2026-10-05,2026020041,close,BOS,OTT,0.5006,
2026-10-05,2026020042,close,PIT,WPG,0.6585,
2026-10-05,2026020043,close,DAL,SJS,0.6133,
2026-10-06,2026020044,picks,TOR,NSH,0.5057,
2026-10-06,2026020045,picks,MTL,CAR,0.4797,
2026-10-06,2026020046,picks,DET,OTT,0.5437,
2026-10-06,2026020047,picks,NJD,UTA,0.4571,
2026-10-06,2026020049,picks,BUF,MIN,0.53,
2026-10-06,2026020048,picks,NYR,NYI,0.5147,
2026-10-06,2026020050,picks,CHI,STL,0.3985,
2026-10-06,2026020051,picks,SEA,VGK,0.4569,
2026-10-06,2026020052,picks,LAK,FLA,0.5045,
2026-10-06,2026020044,close,TOR,NSH,0.5057,
2026-10-06,2026020045,close,MTL,CAR,0.4797,
2026-10-06,2026020046,close,DET,OTT,0.5437,
2026-10-06,2026020047,close,NJD,UTA,0.4571,
2026-10-06,2026020049,close,BUF,MIN,0.53,
2026-10-06,2026020048,close,NYR,NYI,0.5147,
2026-10-06,2026020050,close,CHI,STL,0.3985,
2026-10-06,2026020051,close,SEA,VGK,0.4569,
2026-10-06,2026020052,close,LAK,FLA,0.5045,
2026-10-07,2026020053,picks,WSH,PIT,0.5522,
2026-10-07,2026020054,picks,WPG,COL,0.3799,
2026-10-07,2026020055,picks,ANA,EDM,0.4683,
2026-10-07,2026020053,close,WSH,PIT,0.5522,
2026-10-07,2026020054,close,WPG,COL,0.3799,
2026-10-07,2026020055,close,ANA,EDM,0.4683,
2026-10-08,2026020056,picks,BOS,UTA,0.4956,
2026-10-08,2026020057,picks,BUF,DAL,0.5263,
2026-10-08,2026020058,picks,MTL,NSH,0.5945,
2026-10-08,2026020059,picks,OTT,PHI,0.5864,
2026-10-08,2026020060,picks,TBL,MIN,0.536,
2026-10-08,2026020061,picks,CAR,VAN,0.7011,
2026-10-08,2026020062,picks,NYI,CHI,0.6187,
2026-10-08,2026020063,picks,STL,SJS,0.5988,
2026-10-08,2026020064,picks,CGY,COL,0.4369,
2026-10-08,2026020065,picks,VGK,TOR,0.6348,
2026-10-08,2026020056,close,BOS,UTA,0.4956,
2026-10-08,2026020057,close,BUF,DAL,0.5263,
2026-10-08,2026020058,close,MTL,NSH,0.5945,
2026-10-08,2026020059,close,OTT,PHI,0.5864,
2026-10-08,2026020060,close,TBL,MIN,0.536,
2026-10-08,2026020061,close,CAR,VAN,0.7011,
2026-10-08,2026020062,close,NYI,CHI,0.6187,
2026-10-08,2026020063,close,STL,SJS,0.5988,
2026-10-08,2026020064,close,CGY,COL,0.4369,
2026-10-08,2026020065,close,VGK,TOR,0.6348,
2026-10-09,2026020066,picks,DET,SEA,0.5476,
2026-10-09,2026020067,picks,WSH,NYR,0.547,
2026-10-09,2026020068,picks,CBJ,PIT,0.5264,
2026-10-09,2026020069,picks,WPG,ANA,0.553,
